Roll_Number,Study_Hours,Attendance,Previous_Score,Final_Score
25795,2.4729034857913406,80.76097191155054,64.20385348551008,56.79734588157971
10860,2.4783921813789362,65.31268103933058,77.3722203298347,64.42661258345926
86820,8.33117248208244,81.19479181458192,63.69049141989733,91.21450535130882
64886,6.986774986265801,76.35207319558258,42.89222247235803,77.42077928660765
16265,5.707588822922074,71.30416919451858,87.8894900494102,76.83982371598348
92386,4.229474357111522,56.535518837009974,87.13621595470562,73.01191686769167
47194,8.894804867317974,94.33021076202334,79.25947715742042,114.85506613899423
97498,4.532005966803719,72.48923244106612,89.56639507821103,78.37199517619484
54131,8.349394955244193,59.73112559103825,67.22411664001315,90.67970414239919
70263,4.952214177131966,68.38796754386448,88.13841751266031,84.6128623977554
26023,4.392499864824169,70.70648762644635,43.78025203083754,65.01253946439614
51090,5.164118071026458,91.37689477834371,58.28403741306857,77.38058218914945
77221,3.7124008674772786,86.6807190280701,51.26906340033829,67.90427531966382
74820,7.72848442158626,88.46524468206698,49.7916542067135,88.59372529530182
10769,5.5244835108323125,50.55156322143236,47.0401474446338,64.78117564001658
69735,3.0899142563213555,70.80769990898807,71.12068207829984,59.55306321805616
72955,9.096171159471115,74.06720758176618,79.06609278736525,90.7905327741116
74925,4.455020992358903,50.95961384115284,68.91491997101804,57.36103938547355
77969,5.891975750025898,62.99066043725171,47.34813547941049,65.94553111115587
15311,9.158248998680923,88.01449115610674,80.55618849667354,107.38770141101928
93104,6.618141963225929,56.855485286449955,71.79773535818643,73.34439315778128
63707,2.0520823663752767,76.76550657262959,59.408285306349775,61.67323021912719
95305,9.458489112521276,60.76009360086188,73.70651477680315,92.49170368104677
38693,6.6493724776427605,50.60603873219466,52.995248962141645,67.16299753675845
81932,4.014150531913775,62.06007287997707,57.25961042471053,57.41208371404821
35658,2.2534486539704854,98.7936877455027,85.87429215659951,65.83113466106165
94478,8.146226703432664,90.07685559414948,54.52522528357102,90.7108509510098
28431,6.580654803356621,97.97883221605167,63.49941340789683,96.26002760895018
12747,5.801149827786894,74.39270219631813,84.50705686980073,84.81305992808738
69150,9.045033247458619,55.48680993387518,75.38606751337637,82.77247801433194
75725,8.097374901020777,77.39797444868465,43.110161308235135,84.85204542108556
94654,2.365073917594761,72.71886672799805,47.36515221394852,44.463100541437676
45773,3.805498610159934,92.2178541369808,40.392079538595844,56.80450912238632
77435,3.236402258330192,54.90412903921223,71.54608951145818,60.07999494643004
66886,7.695516633154092,74.4120568510889,62.38367127052092,86.3688859220065
76803,1.3017919126220145,57.50243323469921,46.713742545113774,37.4018665457312
41551,6.129007163841849,66.23379634450299,87.89670605283852,84.28727686086566
21394,7.862128171666215,86.86785386938999,66.482986197281,95.5400035018639
79092,8.890890730855745,73.80090646843833,52.09466470564446,91.6934859011081
13890,4.078735738443167,68.79441425728847,65.03017855773538,73.30135650156785
51606,8.391315742048116,69.72381392850177,73.98101663675538,102.01322280496073
90038,1.995685632596865,72.97233842029934,43.81196089867822,53.444360656851
97313,8.618070625610663,89.25082719185284,53.7351907523946,90.2759950145458
20627,2.147397960987842,94.60423444701172,80.34827454419968,75.55413891233745
18792,4.575585615043305,97.76673432519641,62.98324352013306,79.73482695085458
83969,8.175658292015981,89.34516931276475,67.32885710161474,97.14521998218652
53001,2.349256846138964,65.77034478740063,61.640800110473464,57.01980163646282
86552,3.0632625570937733,84.4067353043271,42.194997132150256,52.95606171885756
33897,7.500273115537596,71.8801562027696,48.2874889910078,73.23992599581233
78148,7.480328828914669,62.73353110230256,62.27708193709454,80.64694524472623
33483,6.770328695967676,92.04357897129613,50.459273270396395,82.39297685861763
58555,7.2455360002039,51.92131744811625,42.49895143298394,65.4064511939894
27159,5.884519990128366,95.08809960677118,82.18248320259119,92.93873285675254
90077,3.266191530162575,73.0738732312367,89.0596264582058,84.28079972366214
45920,4.111263941535275,81.86007384041402,79.65714369983698,68.25554574334407
77121,2.634379451212831,82.96769611028913,82.68924608523335,74.04912691106304
79479,9.176055052002654,94.75588703532682,52.09885651585227,94.81671087249818
99475,6.250526152895084,81.83348410836037,88.03134877565998,93.26849328392079
29457,4.607662750872759,80.69667923800309,49.84628522267142,65.03225811253184
76557,5.1580522327971945,53.3326020280345,87.57149051809162,76.08833855439713
87189,9.525550056506338,75.9204010972602,89.74096469829755,106.94775874606925
88953,2.380162628044722,57.50845004085208,75.58614028730244,57.879634849723914
62995,6.276068488151175,86.87168843607428,89.0571865895911,85.4620170205651
50757,5.5529981099601935,75.61109604063373,68.47698897835518,76.66953980011088
19692,6.503088118911831,84.01138896041766,52.97708915880452,71.8275248052253
55758,1.1629916543875645,52.083645030119214,61.84979428328104,49.445935047187554
82409,8.849115180497364,54.23960080229016,69.6780467689393,79.06094934535898
81211,9.38906454235251,85.81616940313411,43.65407810135075,95.29507667052253
75697,6.086198652302881,53.60421679993367,71.1171632308623,77.10693859485681
47065,7.26985741489203,53.56283638826293,89.05889183811473,90.20863780485439
42606,9.302494430595662,50.605423761744376,49.50538248918638,70.67470293793697
21534,7.3651477088205874,97.82506991497401,79.62975581441916,96.38216465390504
50397,2.3728513862283522,86.87541797295034,85.39493968898097,77.85267534191856
11016,6.186595241501319,67.66257042510321,87.18507964101104,83.51273929629049
99789,6.460435417445703,64.82677906438276,88.00678022027236,81.56261214483372
65591,4.817176041721474,67.48516148729247,66.0729819360736,67.577270954196
99812,7.627998120622506,88.73267655905909,88.86539539957519,99.96456361746364
33247,9.409303132921133,83.06853055352072,77.86551035672194,98.8564267217866
34300,9.330116616160987,59.259778393373395,48.083571811848095,89.83103148400266
84065,5.057554342637189,58.70546676670422,63.845005323398496,68.11407622260465
92798,2.019142412566797,54.91978248566986,75.9165587686002,54.16042357623538
19268,9.863570790661012,83.0151359850669,52.36701579095417,88.6624834310289
96807,8.550082778013408,88.2186331110868,72.03075917744437,100.45054052076553
22185,2.1219641308294017,63.2523214162502,73.33002395233096,61.22585813351127
73704,9.28757694355635,51.047248051545644,48.13498719042829,77.04500947849331
96779,8.829067258559155,54.10858337382137,68.25426562263782,76.49797241242659
49099,5.669542514134649,98.39300174225153,78.58134554893039,91.35196226080028
18571,6.321478921704363,64.77223887387102,64.9447832267971,76.08296260509695
48044,4.591024334831173,88.46115739190668,40.60515583880537,67.41588706687837
61214,1.492854749398282,81.23317844271318,40.45192345396461,57.8008693295894
71228,4.016775174813109,69.09698198264479,57.85146719850061,63.819398129713925
58984,8.225681037382103,60.28436310977776,86.30970342158909,91.16840240426562
50774,1.0416882070414257,56.06932090797032,51.43383898018044,36.8661630614287
12568,4.001492545220298,80.75064840194332,71.71818444358436,71.35782206664298
72592,4.58351824231849,88.7316890318894,51.103793534666025,70.78150208310389
77563,5.836560426441306,82.19521267705653,56.08349948297743,76.54130283150828
12695,9.278700547714845,76.51510666245792,82.4021044800742,110.9262032296768
58190,4.1171139492936515,52.097561171581816,76.44307211349735,69.28749477067146
15258,4.122578817066049,98.42443887971919,44.76996386566053,67.37420693797417
97538,7.637511232987736,89.93570958272872,61.43510104932168,86.2095065653186
49504,5.069961468008264,64.64110183504823,41.458488182263224,62.65889698237769
43159,3.021443406459838,98.99851646794252,64.04450733015045,65.88953411282884
23986,5.07195564519424,80.09407948181611,73.1217005850534,79.53583770222693
71858,2.2677131834181985,79.12113291036232,45.92513117990758,55.88202789668693
22666,2.58748287855601,87.4036589714766,54.44424694545828,59.85394974854911
48660,5.4853099546553175,90.58848940450687,59.89183127510785,75.40839688434609
13561,4.770329045540931,82.82393036657513,85.97655123280248,72.16296059412366
36854,9.2336131096129,56.40478731831,89.66275077114821,104.67378568411874
74505,4.261545092049698,66.91337529972492,42.24556494978079,60.29646598130469
62251,6.225295152502391,96.40418201630249,78.0503961747696,93.40597524523446
32662,6.690378591275773,61.230780592192595,58.586203320117164,67.44884678319701
18392,1.1178501092950026,68.60835119187567,59.622909311474004,56.920113127327596
40535,6.971836348150395,71.6038441472098,77.71324866735114,85.09955011876497
88603,2.6023237018277627,71.97024948472261,85.92132160727044,67.52724548396634
62256,9.649632857225097,80.64697912472627,87.54642972512741,102.11439563650019
99135,2.3379645497780164,97.15379188723537,68.85612930191604,59.44368337912787
45222,4.731617113543214,62.034635591625246,57.856057965025144,71.19763098983154
87373,1.7681470127077947,56.0750688150459,79.37745429293896,63.84722427221646
89575,9.971868266613527,59.873524492996864,52.55006916311501,88.01378558944606
94651,5.519755092981184,94.34624501046348,68.20370144167589,79.78720669568357
73335,6.358465155880394,82.2905406327603,57.92892307624366,77.76583635405625
20965,1.6036882964958474,64.29533946195801,72.8315536853938,54.691589845046416
34538,7.7496442335926,90.79734694843086,52.019945644675346,80.79610489946441
80592,2.889150337860272,93.0684998181718,49.57964728674129,60.736884472230216
18110,9.082488604966423,92.3257169345139,85.91195433377186,108.24044980336666
89309,2.8462567643380643,95.94632668197772,45.09018414747685,66.14204172351815
37266,2.716189485972999,62.612051008668075,65.29789538674657,58.55494170723261
62992,1.328947010632854,87.75209643731392,51.04263914815044,45.50566109912145
92948,5.248602505989993,73.026974863707,41.94649816628337,66.6974435715688
16910,6.083570199363548,92.09992764450308,41.80094091457132,73.48855284764842
10206,1.5913777548551713,86.42453385808065,48.76108860529136,60.24073284373593
97054,7.9797485502550956,88.82237232498623,83.33851772530002,107.0281505491114
97897,5.079599512732249,82.80809188405357,54.12393719885134,79.21227156975434
33419,5.7195124239482205,58.87143847348534,87.52295852876479,78.46023739642622
60636,4.966864722444053,77.25134594484692,69.08111464945968,85.591448622146
60015,4.606867547877934,99.23348697622541,61.8307094884383,79.29138015211115
64268,6.036762981773961,96.86940332485594,69.00444173347273,94.97831462805884
97939,2.3971622133764123,52.158686789850584,65.83491926131339,51.454286739203795
28141,2.63735317445744,58.24074078647186,77.93881268786626,60.34152949532713
90356,8.756070589121656,56.58643867272809,54.12480329864261,83.77634263024417
81910,9.515039159202695,86.29899549926478,57.652519580015124,97.28529032586866
66044,4.359783846517777,90.88926649284726,84.70471512666253,89.22164494845393
77214,3.436702058291984,60.675568315533596,87.32282565752027,69.15466445638585
43827,6.795995889151142,75.29263464759146,84.62791137432373,96.24200934131444
65820,4.678607539882868,92.03515140056,60.97239969786568,79.05371553439188
72623,1.2284772009431038,86.64007723831253,79.01827515034408,62.674758143311166
91734,2.4053733762957132,77.11186027459242,63.81678666505494,63.96052271728984
85450,7.443750059626578,79.51738452293864,64.87699260730511,84.65843746377128
32299,6.930315477191362,75.418027345814,50.234005452864196,89.1216167708753
53585,1.2438639325313514,64.87742256594103,69.55651516292582,40.18349089223717
74044,2.997749457396545,78.2510996429508,49.306794887667394,61.55151115741012
52557,3.0796731692926427,84.44426510250453,56.57823495335969,54.539959812173215
59080,7.047034692388555,93.66614579304039,82.75151008099675,95.30733771616325
12693,1.1773948397892773,81.8145676989624,50.35379046054276,50.144820245495985
79163,1.9369772378611647,88.0560768521579,43.557914258671644,61.06304274299028
35939,8.199244768358703,58.003581747728646,43.45037963064082,72.31668915798399
58925,2.6069019584890025,73.07787372098949,87.03922602515539,76.3136218971129
52941,6.874714970666872,50.46658099135467,65.34602189809173,69.75787470885346
31834,3.1436450294205387,62.33394322608115,60.470603590850914,65.33999817004174
28047,1.8949725348341064,86.32308575565024,80.54392905039592,65.2176328115066
36105,3.1885497189950867,99.59049756746816,81.79129639552579,78.9035890196318
85766,7.500402386700932,54.958904979360796,56.60955165578023,74.95161077407298
25707,8.701268212956572,70.07471579306441,74.68090287368976,100.8129343227561
31976,8.471978781102925,90.00354843495798,78.55614079259433,106.2221139692085
54262,4.5746517665660935,60.20178173144494,72.73253434329773,72.24431569250567
33776,7.012766229135815,77.7542474651143,47.57975374000497,71.66266495828148
40080,2.844858658742389,86.65356480148374,83.79415417585285,70.16291506434699
76842,3.6383295723491194,80.79927251300896,66.95472763680044,64.07043804283784
71373,9.067022366690077,59.401236730770805,54.123621318500184,73.5642169461209
16776,1.1170173115966242,67.76922843428697,61.261409271884695,56.72700930627332
65016,1.7695767776902127,89.18958922426987,41.87855451994537,50.71706483199669
19474,2.870976296314246,77.71132570660083,46.39334006112088,54.533145396538345
68053,1.2387898348643773,50.261480677145634,78.27733752579304,60.0638395549106
31959,2.632918915808176,88.0495380014047,40.00058173776831,53.199745662637774
15530,6.247374048727229,51.76556774701196,60.82829142411461,66.89550245895592
13748,4.792820955332481,87.2866891365616,66.12550905427942,75.47658703676773
23545,9.034045399692774,60.124028008261874,42.731721000048616,74.63677854157739
76199,8.356992055645968,97.90367400596901,88.65390814861664,108.33940458590698
44766,4.076356165280884,68.39703756510423,51.3062665624836,59.555088329608274
83530,3.3348109008816325,66.34658081690395,55.20993598181404,56.12564608923591
71087,4.417231673505402,57.44440251662223,55.197125612751364,58.428813507512714
78840,6.31265448263327,65.28021077451075,51.520833105867496,71.22456141865652
64384,3.4125727674058863,93.83253809141003,40.07369110431557,61.659507333777924
61005,6.617340170642207,99.81671688136237,76.46723970439982,91.01873635734205
56576,4.684704869721164,68.41547652534241,88.34227498996427,77.49124762171851
49353,5.968424627667822,72.43053154772713,51.21467416425225,71.6495381342614
72003,4.92513876221785,86.10354691013686,73.15235959017113,78.80561104250107
93211,3.650191835877259,94.30978902325373,77.09481634793576,77.53720225991178
62733,9.53607976265941,79.6522167093392,82.42126895452623,101.16121739166924
75318,7.872452147437848,69.57628490889147,61.13145985068046,89.7106946957613
99474,2.261018581898073,70.63109204243119,55.146545282021464,55.037179522075895
33664,8.816211783081215,84.78090732484034,56.264756701151555,89.50200002919442
77172,5.386880784245623,50.16091318021393,75.63106665492563,73.95702562415522
95616,9.050970042046822,80.97946687299203,80.8389733252818,101.51243660815088
36736,8.198697303525837,67.77465052206787,49.08069838783013,72.28902925696326
10854,4.8269215402231005,89.7098665638542,58.547050407888264,76.1711512845352
48623,1.2022237748810567,54.64953199115661,85.0970098374575,51.347251394814336
17392,3.4180962344645147,79.41011334741953,80.33467598473696,77.71952448659977
65680,5.874707931947802,74.04864449430619,89.2429201381238,86.07655286881315
56717,6.701303978435325,82.11627629526137,77.71241298410403,93.12671946135197
97092,3.3209891688988207,53.24267972414842,59.65976005139611,53.29056101630905
60859,2.254204666655417,78.99918937140657,69.53189169973189,63.13318316029501
36309,8.514372131193692,78.07422939797618,73.05071271236602,101.26563206284212
97455,9.85961962633197,78.03300472080855,43.922790815856196,88.93203314217078
73734,5.731211640724172,80.17438332982275,67.22484795519325,76.64422689096595
80467,2.5451135726347314,83.82339686131812,75.46604142363049,71.33420655993024
62662,3.4507659386743206,90.24944998403848,48.366065200053015,66.85339875235915
22688,1.1655160889272005,63.49103600641072,79.03158587127785,53.743779927996265
35342,9.228689259044492,91.2524705090031,69.18863902570558,91.26733795611682
47157,2.05975974601127,74.91278411317268,87.61108928487974,64.76695479046828
77863,6.188648279628282,53.852913956716556,42.12111491034459,67.33435915772631
62083,3.466496986184854,52.92754646219896,53.266306877773346,50.64210067357468
75733,5.9876020226421405,66.71191593480305,70.0776939649912,77.92797329456712
99045,6.862783495166778,89.24484885557338,54.82799561029653,79.7311456867928
44698,8.467676233364815,85.3840467370458,75.72120820356211,88.5812426567324
90623,2.8577914458454288,89.43074823362032,77.95026412609656,68.92088146455222
32671,1.0989624579263242,75.86345282208046,45.125798203323725,49.66982752103381
35184,2.2319706706192655,72.00994989777453,65.69272321033839,47.18866520623498
52107,9.100167776632945,57.372626335314195,65.4445277795528,90.15127464795799
96202,8.865010698062637,66.40963768046558,58.46403851077706,81.70321404176661
61663,6.376717919532775,71.70096830869376,86.6462431284836,91.0945876890364
25708,6.40465174390288,54.43002148398086,81.37531599366106,84.47398624154134
59811,6.9853300709163,61.03059763556056,74.86046909548185,82.32027760888603
12811,2.5783415076110465,79.91126470318694,75.71633178674988,66.30327886980517
66250,9.229707513324637,86.7831557119595,63.085807190655956,93.3859936707919
82082,4.768934724028658,99.91737556964748,86.0497260548288,81.51185971244422
44754,4.448246754245477,96.65566656717789,74.72977136266427,89.62030681811513
21411,5.670259347545538,82.12825997675958,76.44905308279081,79.24403882801626
12911,1.4226937009754954,71.0624026647036,83.08454518936726,69.50498803601782
77270,2.4965503188047147,81.80886823541164,53.70357946710955,54.20934365249
93763,7.642302547837334,89.2825809040116,80.35354519333515,99.76365703941286
18680,1.7451880113261382,55.91680954616937,49.7620301478246,39.71675918134317
94896,6.428368985197494,70.4952444848144,57.26709761224439,78.81423240083961
93879,3.2081419871318886,91.99011428178086,56.78052271349213,64.72201651982493
81295,4.503660526377789,69.1916475966522,88.92627341945703,77.28372547528906
98614,3.598243630936299,78.59361356135932,82.82686118739633,77.75016254697007
21111,4.201054448184542,79.38846804310991,75.05849307951298,72.49950306026538
47504,7.471413146658209,59.22381265668197,76.35283808076952,78.52460228537795
11802,3.6740954406085753,68.11177208261442,68.10363972012856,69.85199253292589
18155,6.097641762672074,66.72556443709661,87.35453335542596,79.7181885367481
83656,5.284453619791897,51.30983542660324,64.81293764411808,70.32298020657724
49384,6.973040488263833,51.209588194567765,59.02588549349473,78.7034158237524
57254,9.431467653922821,91.58485218378868,48.15176684657955,92.01603123162145
31918,7.593148874892252,63.65354049864062,79.31028261305289,94.69768378973352
95981,2.934463407316811,75.90393831194078,76.72219660377957,70.54129571098454
70713,1.2806482155515622,64.93627867943866,59.217751926206745,46.09191835134823
40306,3.360376398698426,97.03396225576702,41.25967069796147,69.4230839607372
26646,6.355701376302293,62.964837943288686,81.94986638590053,77.73954571016134
56843,1.462832321358253,71.48284063694675,40.57089917270368,43.103871317438944
26371,5.467296224811127,93.63651252423008,75.18498898145255,84.46985645580904
87371,6.371585640252003,92.09667833959043,88.51285548630285,97.91819240274957
12049,4.008195017352648,59.305070892313864,61.88306640741017,68.16288940432713
41616,7.938209833712397,90.13216548978552,51.74867024979764,92.69412469993027
30932,1.9593842782039461,72.90934433689463,75.24355050216909,62.88588649082729
39855,1.6762400356222789,74.14844360426775,80.85640710077925,61.56695057738559
71434,7.55369880583243,56.67399862079719,67.32151580389237,72.5693787288201
82694,5.459421845855786,54.03007568785623,88.35176376280731,72.27610816848264
53016,7.195621567849624,86.39696534868827,42.583436082898054,87.763849323471
17400,4.913446047433716,74.82305761776499,65.2397799152264,63.92969955107595
52642,3.2176182991519613,71.84253513075898,75.9226973661275,64.08747776522794
25151,8.371920859067798,86.47541143261984,83.13202355745895,106.77806855835895
61407,8.194742910720812,88.27564494955548,48.9627805953895,88.09008677261333
76690,7.252268237689841,57.94540838346768,80.00017408818407,90.2852586937916
14499,3.449306235069664,80.51125747388207,67.63535378592726,71.16819168823723
16295,6.312076001821784,56.76770411388428,59.82768409949816,79.86967756987791
69040,4.248765072460241,87.56875430145229,46.58575142895468,67.6258886571432
22183,1.8242386599397074,82.84775781335698,83.26478794544562,70.59867446764143
39299,9.255822179160186,97.8307310541729,47.863660408985766,91.1525617153554
22874,2.2313676782706526,53.44790081782106,55.489392960454964,52.318630698772246
42711,9.552136184387223,52.852736057562716,54.502276598121846,83.43678188850753
15539,5.014051956621602,64.10935373466,83.57070170954272,75.46581724741952
63351,2.666196359547577,63.0852841867953,73.63514971044489,66.18424451119012
71267,5.877108526405223,62.348939953599995,79.83406985956861,84.53196944223038
58354,8.856512522887675,95.31272902605184,52.52339493962495,102.32795007683457
12557,7.590023977686051,62.477309992475305,71.24370498034995,93.30711080574383
48360,8.259050330753048,63.59748630643155,68.58729915718743,92.39599301536356
92018,6.929050300396456,87.96991312089818,81.64151883941355,85.0906049228336
12200,7.230489080660672,72.486992122527,85.30435302406303,101.15868916443515
78497,8.642760864087872,88.83552784775907,40.60783857386934,90.69743645764663
56975,3.2470120797326736,53.26830787821926,73.70099595293964,57.8666506928735
31357,5.404824672788264,74.37855968366921,42.59178995598645,70.01895302925058
87505,2.99088497637642,51.680680009164135,67.44293325386779,52.249473481364824
12869,9.889012071969823,53.13266017276773,54.38163645218391,90.23066359310171
71135,9.49653405717952,95.32187266722055,55.338829976107064,91.6334138711361
60108,1.354841302316553,56.96226855587976,57.64792517261783,42.880965103460646
48467,7.350176552641196,76.62103411376086,71.0646224524805,91.71268762432906
33328,9.327234856740992,70.55478013003533,56.70249828343846,95.8480413510554
96831,2.6251781061460018,67.36716631294213,76.63495252951401,65.6172057335873
13987,6.111507074973665,94.99166728436361,60.22636927869348,81.71474008821495
68871,9.239394678292376,51.091169838774476,43.41766001549793,68.31705687420845
32399,1.3055138072721895,83.18948430877946,79.18799212420537,62.11450568042014
56214,7.276782405221559,98.16972171067752,54.2879162296353,90.2174204152878
96416,3.676141066352957,78.0084091730921,61.63834397996313,64.85474014599943
80271,9.319565758388773,96.84112310165459,74.27219416109509,105.2461536814062
54064,9.73952420648831,52.612893964301186,56.6228078574356,86.20252502511654
80091,9.498398402020905,70.93966595370807,42.82928280733578,84.29707383004408
50818,5.267927949917174,63.007889548102554,58.696052350640684,69.09981450407197
55525,8.758383858903821,86.54104824903649,87.22242913471517,103.27973251235382
29830,8.600944586815633,99.06485452486234,72.08671986492791,108.77531500566774
27429,3.871904259189301,62.82650312221239,73.57395743336035,56.60496096403569
16893,8.460239267356096,82.70873007370372,71.61410768188199,93.030245501789
89909,1.3330687124394336,59.904881637987,49.94960694797184,40.26536971519588
57333,6.366428906338477,78.2665127285805,60.91669320511401,80.77432863248418
13436,3.0700795355893273,73.19662433441681,77.5469899181659,68.71390487495367
84290,2.0851019719955093,98.60026648157685,45.06864487765796,66.14401326326093
86213,1.6925788146628824,80.42636363482333,53.892638804485614,63.90356892704463
15895,7.266598982903258,67.47531860434094,53.81595542329268,74.23655538728325
29738,4.058874673912595,55.704789244396665,61.6009463797253,61.64868901994024
40746,7.522900943758853,57.56234143674673,89.01843704710924,91.47210405328376
59377,1.5882070671904813,61.26584649756175,43.3751273341911,39.68177147721069
58404,3.837613040475493,62.5483330670149,65.93504971902975,67.46849519028196
64045,5.855421631378035,92.5308028920569,48.96823410061052,75.42610582092674
49790,8.116508483550671,78.06113941412625,88.53382727048721,94.07624089718122
15600,3.8687725263886295,76.16954556871832,45.66517523637321,59.06295487577521
50764,6.633022387933082,55.73844359346087,60.18005011807956,68.97029220123225
84543,8.973799734125684,93.00698466747176,76.89424924173031,108.71202791465836
55714,6.542768693640741,86.14071516042418,75.22772140137226,98.15494285244822
66835,3.096635272782704,53.38341809500008,61.13643184469662,57.17687139976489
83744,1.2196070340088423,85.39175486148844,57.32620839763591,55.20242882781148
66491,8.830889865108368,77.1769108671323,59.880618927643525,92.02194399110988
28589,1.1914246976534844,54.08626728733891,53.213813157931966,49.37969908233346
53484,8.872315054157795,72.91503207643282,50.26664693533999,92.14623868584073
92989,5.760434206244907,74.23481435650234,64.1519848779445,76.15514144661188
46212,9.451609286616065,58.28872700816379,53.42668780338037,87.37828929377707
53525,8.189049121962988,97.28490735001412,54.37308324486251,95.14318314864958
57202,9.981406994800038,92.4987685740331,72.83780317372785,101.10334953294759
42635,4.156406339065391,83.45111686645541,88.42686658499461,87.2511545763637
73208,7.904694600380142,73.11477805003037,70.18186002796875,98.20480988423346
43828,4.617378222483179,70.58827707922542,43.84897335324831,67.62812410168013
28711,5.318880582735179,82.5486733575477,43.77918069270335,62.64270763994878
13420,6.64754916896533,77.27159347034527,87.5711610422783,81.59768602574718
10301,8.863094027677048,53.11365529409428,54.86453951536668,85.73897590034984
55236,9.856751222793656,75.62513243851659,44.60334930412377,86.01168832236233
76235,7.914460724780664,90.32018086164197,69.95222935751907,96.08491639601847
64240,4.759901039506004,72.96199387984791,71.18243891451331,81.83682252732747
75726,4.792213020493632,52.59782887771342,72.42524100593441,65.4257342861639
20492,7.638240714300023,89.31390996920166,53.37010139287706,84.44564383736663
16102,3.148994311914721,60.06818910679872,40.75553421072375,51.4512568388443
60336,1.994267018182552,62.93104174440194,88.25076847272359,57.663406803411625
95314,4.191599418766989,58.235317671614794,52.54465228455513,55.65717232911205
36641,3.5851509248867357,66.51075324357488,73.80131440262738,67.52379387731344
44584,3.6667730841039106,87.83757528443175,75.33149349393548,73.31546105933451
42745,3.1024697594491895,75.96929297519686,70.50037085397429,69.54532380039086
33093,1.378838706727257,60.24406370753563,55.64536971068241,61.05545860236627
76105,1.1608654126007243,93.89150390760204,53.554812688203285,55.88939500765617
61885,9.889501507624283,93.97909274757646,69.88341413513515,101.38604128625838
46631,4.849958203622761,93.52892125230034,83.30478168058457,92.72158183982555
82991,4.4589398244371345,61.93981056907697,87.33668644616978,67.86722449477557
14014,7.116825544237629,72.56196720904941,45.29529022018788,68.52629311683259
21093,2.9642849907855773,99.24948280704376,47.74143062988599,60.7173248547568
28070,9.549650655552028,88.60062381549952,87.23681293915399,107.80873199547348
45777,8.07710512973997,51.35837106127799,76.82676141673963,83.42837785119306
66958,1.8046990208103355,53.2602295630246,84.14969124148865,58.5038788474394
92074,4.758226982064356,73.19656884061664,50.13163170676716,67.17646775894536
20729,8.912064768059482,95.461010293078,69.3792935554701,106.29514202678453
55017,9.502588200622693,76.93508989763572,75.05697972087368,101.07220122997256
76320,5.2066136012488275,74.89062540171452,74.00559427234863,75.29276209722244
37751,6.520702502896369,55.27368499783153,60.407584543334906,78.42187876336233
88069,2.503305514828677,82.8390052362147,40.76974458456542,49.58754960018331
64748,9.92051763523279,91.10515803001127,69.14630284021315,96.42964299281597
15801,3.0850453124509905,69.02100037537812,52.65507695898044,63.22333754798328
29190,9.48458596721613,88.78059254626638,62.51271230714452,104.77145874687324
59689,6.846819840931316,98.22383269504058,87.87905075419087,94.89137735382458
60993,6.469631153909732,60.188322956384454,59.951765882121734,72.38986474020807
39592,5.614196599148578,76.16648155973706,81.99008033322133,79.13232187030289
20647,3.076028305459828,64.35689790422877,49.42703028746256,56.09114410137846
18716,2.5887522880495744,89.64272095169197,73.62302490125144,77.94603414309645
98891,2.9843758816315784,78.87966829405788,88.85034772194717,77.64032797812973
97545,2.6779443592982908,81.72912087751519,45.09465504364684,61.12494329011991
99912,8.01626026210078,89.8957079807947,40.4159971113596,87.3150542077412
80316,4.151127332500571,69.79852363312274,61.67913963163072,66.3662538622965
12368,1.5205840890705673,95.75450342035217,44.63127415256836,59.598483322042405
87575,9.721923671267302,76.65144336230699,77.41921748381156,106.29789117311722
16655,8.954072964670832,57.8977411417674,85.72743319242795,103.62788901862123
80031,9.349770548756917,84.79495590844013,61.70104863543794,94.57001426468302
86429,9.954170403817917,89.66306752191272,52.93558210777205,89.1534469210453
97922,2.5650572429753855,65.83808385337633,61.72016595033049,62.491032825387414
65766,4.566178170123929,92.85896284993765,76.17239089250005,82.90638366563125
23403,7.824146281336822,95.30716273828833,40.45270807901855,82.41373295817183
42097,7.26418556248413,63.84522436889045,69.47269947423486,82.06281085124428
88657,2.3850631570586955,99.1760736357611,70.66458424436895,82.71740320327997
20966,8.34249812491556,57.03557640243792,71.88441234479677,84.36595522055651
62921,3.019965146529946,60.1007834201245,52.10110399904386,49.70398582417296
59726,3.0143585334036076,59.21124196190131,75.70263616890634,63.54264089061772
60300,5.832769806040722,94.69948550039352,44.56957431658882,81.303978796822
32677,6.336459413575328,82.7146276162481,49.96351682334004,87.87410201473324
65609,6.220775870540301,57.60521416111364,83.87350233272409,85.22166935107309
66661,1.8233815365797938,72.01617091841744,76.93615753632832,55.144178253058385
41024,8.897147763673424,80.76490125349011,40.687277700567265,94.84444162823004
80313,3.3904003832983545,54.173204249469165,52.41881301849001,54.07414490334304
63006,2.1656342915452376,94.12081842036693,50.720324149658225,55.1639994842247
25338,8.998732718820794,90.18017677207675,53.54031640184863,88.06688090096968
78027,9.60086348406778,75.26033867883191,52.377988513994325,95.71525802626348
90135,8.759148555389055,98.35633076295852,43.126314787142285,91.74731485162182
29508,8.285644672523903,70.88804896375498,62.94702582984102,89.59882526841167
13051,6.8971778257511955,99.20551595182489,76.63667373930826,101.33472900538642
58747,5.957716335482254,83.39599994018135,70.33658623587182,78.93124319626618
97142,1.7828808392026914,81.73356366269707,73.643583429904,69.72267980815242
97235,4.676078917636288,58.29774476478925,44.05745892681196,55.896914974374546
64021,4.354196653110826,94.0963879152322,87.57453550883936,95.84975071322131
76412,3.337784053842936,71.37448439603077,81.92459169215124,73.8647973448501
68335,7.510781023197264,58.111670289123964,80.25451592478314,82.48801992375488
66179,5.4628816157089375,50.630375998787954,81.14919025208837,64.83610656241403
42093,1.7294159431688314,77.98778418191912,86.63552540663807,70.74224874447017
79678,2.981648817548302,76.36998110613382,67.21269830568488,62.83341636190469
90738,7.149328872936364,85.96768111845793,50.0141008933813,80.76476058496254
49734,1.6851777354127018,94.51290265089011,70.83918039262706,68.9464116752519
82615,8.660862226438919,53.97032923215148,77.14407468339695,95.4051089064521
83523,5.4563187431257685,86.57482451701811,76.89586966770128,90.13094064116125
27019,5.325279195939832,59.37059720487911,66.072451208344,64.99234908258582
93613,6.331670061935658,92.9088526578582,43.42293596667891,84.02965424183026
96672,8.422128693326343,90.95317569308281,58.555646921506394,89.92362826231836
83847,4.1302828711197375,77.03968774927722,86.03833042316786,66.89740317590787
92750,7.102145373031572,85.51213993116558,69.2224454878713,82.96114530535583
89634,6.09158767596212,65.71750565918742,66.91659716278568,78.02995440334392
38251,3.403254431524792,73.55839494664073,53.44267571910967,55.56678969885435
35945,8.907669877196422,91.08184488552358,58.422445995828944,94.79165890409055
42217,8.176834194462353,72.96325985866069,84.76730445765847,98.37133315061925
18308,6.926066511925829,67.88991326627209,73.3231523763418,83.41964047450107
15949,8.655235561848176,74.710622362515,79.36935133761665,94.96533336375845
61990,8.805647808638222,91.41246262186093,62.717271153382754,90.28540597616136
11150,7.3752667904353135,66.76040236854364,71.5123609728079,85.61911809293947
99480,8.533119955273047,58.68807965678719,52.41918043716038,70.91490891034186
84740,7.277243155023553,85.60070101653903,75.27304151417431,88.74565247715209
76617,7.121266945842704,91.2989106354041,61.38006668516687,82.9091140485977
26896,6.5675024039366585,55.031873926176665,62.127275740737275,73.00110023628663
56175,7.774449756018771,61.993705637797234,72.46611622884409,85.39015796642431
17805,2.427445947637663,57.09859948804969,86.81403107344633,68.79220538615048
15237,8.927836832790355,67.39707057910833,43.20031733043105,90.05581865610469
30056,8.846591749707088,72.51754894527063,81.23716186735038,92.89419397787192
55543,1.2632255473110323,87.44131684816531,54.61915552060965,64.36034812559876
66556,8.432350755082865,82.5573792440837,62.195972725318896,87.91087864115983
13343,2.1598288072610066,81.04642837392156,41.09566643875045,52.41397303859713
23500,4.016069688332277,67.61874733048272,55.05230389171565,64.94120914323406
63222,7.69157430662447,92.072377654238,65.13156213150653,104.35512344490888
39375,2.4468390644347737,73.56435836990823,42.80880386737195,48.7156126912818
19662,8.36170321707156,98.95524690075773,64.55478646915826,88.33331467835814
26964,8.489207601619677,81.70710691478683,86.35553144292138,108.95228001066789
69638,5.567209603847526,56.313237078225136,45.26966090539026,58.671015710884106
83666,1.0574728454515023,83.80887810377169,78.22203640377522,59.91089931702115
95067,3.583343198574215,66.25520077158495,60.48355266879963,56.39794902223553
77215,6.55234226538168,84.31635983430488,72.7586857262169,85.36657470244202
79042,9.830675602246812,53.48205740812028,53.01182989926147,82.20076951234752
23284,6.686321743150016,58.744071858797966,47.97461312706791,73.62688460669048
82789,3.338232229577438,92.78686294528931,48.02313071356132,64.14043046550842
94664,6.706051327896502,61.358977851175744,43.52459728215723,65.94251310462474
71389,5.8598684174427,91.852056262147,49.28233524506215,81.54725294717709
19435,8.018608556360292,63.96380442272052,73.21096924944841,89.84155556176998
64340,1.9628257494426258,82.14409550293539,84.08453059217541,58.86092838274362
54078,7.849251122518252,84.70752867549155,80.70628427955809,101.53954449748346
88832,5.871399208084992,75.63273765725265,74.25671549372422,82.67384295435362
61293,9.666928034730951,65.26553383483656,45.521593170555136,93.0766000302855
88781,4.076849494348175,60.632218818554804,54.45937231479749,60.97724917493954
70403,6.693597038205533,51.659467728121314,55.490343766123445,67.20341626307547
39124,9.388252949590157,65.1973200620362,52.49784731988106,86.47812302800489
53919,1.9225875519161133,82.65813952656416,65.75028298548615,64.73008946614787
45247,9.43505638512806,96.91524092242413,66.77769074398363,99.10724520145668
72752,7.19097150070732,93.5602241131526,57.84429875855551,84.9591603053668
66573,1.610533531946547,88.30323882676512,57.689457936821796,56.51097958249565
69101,3.708672102521346,89.42236716266493,81.42777989530407,72.19432456844848
36646,7.373548797807534,83.24924517379976,79.46464241598429,89.84675738442846
33049,1.6061554132189453,63.01434287830015,55.38979158403728,49.95374752222064
89605,6.23953414158646,95.3597515352915,85.68942219366296,100.09375378424998
78385,4.112947512576611,83.53661559529169,87.6407508501253,82.26775750507305
50158,6.588239659907294,78.02203154902199,56.33712710150204,78.65335230799876
75417,1.4116783043126158,55.54947346067405,57.72124743965274,42.65537866586484
33289,8.843831255371386,72.35277719032126,65.28170767109793,97.51347456099363
19823,9.761400722596573,73.01791356009632,87.05604062668368,107.70232143141945
70160,9.719900697571223,93.2281804761335,83.81597165711557,106.56069747594618
51975,7.746866485686322,77.33241100938943,45.12839812917949,84.47865727634473
19540,2.170776161175688,69.02002744852048,59.63653716357081,58.21238921341524
26364,7.824368763361203,98.84001642553297,67.6685594874886,91.77362079263017
14611,1.2212822481292136,55.536029666315784,65.156623627577,48.322978310250605
37663,1.1991119637609753,71.12742141559723,49.693153396844636,44.74718396100721
61991,3.912491972345871,52.10123375857027,82.94083855840773,81.53685511282156
67679,5.397788713641992,86.99520603834651,73.84703914984186,85.28504545527896
40977,7.933666760270139,95.90382760995753,81.89541874259018,102.13145985561523
59115,7.149658389458547,64.00186647752447,82.93821396747362,90.48745275792308
98223,5.013124357390735,92.91708383995604,77.41779268328699,90.80367695324277
70890,3.462639996534993,64.61091152309488,61.960530062485866,61.063784742405446
76387,9.9741205014194,95.53850808219576,70.52733775077122,103.79354354273543
28071,4.835631720123756,87.6980951798392,48.01827030598716,73.9163114174525
69275,5.062483218967079,90.24533884207193,73.68227087374538,80.98420326694857
82369,2.4726143907250226,50.90032778002273,48.96266278696404,41.86875875701503
21938,8.153285938749365,98.1405178537013,74.69747952550784,93.76414470128006
45195,7.243140032033398,86.33354960351616,51.479908037698436,90.35421101049887
14000,2.9869265150988435,65.23755476930667,45.877565007510995,53.51514784388704
80588,1.7414294105425843,91.46973324294234,48.26422450714787,52.505919908492764
48304,7.124493718672418,64.0760599207465,40.09960676095351,69.71345471875712
79449,6.890600928530217,93.6376919783064,75.9369808926765,96.95632818325538
92986,3.459335742983884,55.62901952059685,76.62005245291896,63.16637797305583
99643,9.557772060253694,85.18429887303978,65.74666749566298,92.3957183155585
30764,2.3595210260281023,77.03492383224551,48.06814005276918,55.76454256166147
96027,4.891013209383417,54.82672350977204,44.177716875534486,64.61590893793031
48494,9.49254328150839,62.09469141294195,40.95644832186435,88.18102475003154
13373,4.7775458523351,50.62020181386574,48.28740884826104,55.59210365445342
22161,6.74673352897677,73.43839827322529,84.54277674915733,95.92816110880628
37350,4.578349581665148,65.06326303800002,52.07684208508409,64.3062135221175
35351,3.4679368211380304,79.91787421488795,57.71356636086078,70.60620963389448
98668,9.855798831638454,64.86189038543085,45.26727422406666,89.71290611346096
25305,4.684006056835387,64.99595557534923,51.118065237408516,55.75805883858176
85353,9.04689283311221,87.15965993658017,65.96122853901025,106.50054824968093
86797,3.0695914530197754,52.40714179891767,70.38763415478263,59.484072722682
75953,2.9179423362257495,95.14474975959936,52.26761570831055,66.92415201190187
67458,1.2802067459606024,92.61319371955906,42.88660796125586,44.619411887813854
30358,6.865001428382966,83.39023416132034,59.55164345636993,85.68936727324923
13267,4.316737093513851,79.66107850536922,51.71016854631671,71.68071510142
92745,8.779224248556734,94.61512490698262,50.9776961614901,102.3483388624665
99588,5.258889160224014,59.26650897643572,87.99314013567276,86.27365352229631
48513,9.713740851232496,53.948458109541434,70.8150242962862,95.85037492726958
36092,2.6697296413280904,61.9755084954769,67.8439221586048,51.35698285198351
21338,8.817608511600497,89.72891393500952,60.78875517616609,95.98358276145888
10412,7.989371675125676,51.733513336324165,61.44721667150721,77.08325121906387
17543,7.938296601796468,79.14034175417449,67.04525019190405,91.42657498607754
43496,8.60304905305199,99.7718758095655,74.82149035180535,96.79377498487625
70692,7.84921591848699,92.78480469187697,75.10730480909147,96.07360838467513
99084,6.635982894682739,76.07228445217947,48.58469538527248,72.8495625441462
54425,2.1812038991414884,53.18204546433212,65.00563760383135,50.12205639669338
48756,1.2927356154212672,91.5686757192855,60.5979047517051,55.482261763618254
28888,9.287630630341182,79.94892540886053,83.52634831346921,103.15409651781054
45735,6.549852830686643,55.746649852978344,71.57094606091883,79.53261132893437
57295,8.168835618785586,54.69286424116781,66.62520332079909,71.40965075524065
93042,5.33370116361295,95.48134097182961,45.76973210894587,61.738636671502654
95999,2.0557737006615504,83.46001314690392,70.28189446617057,61.73617353423778
27955,2.126672129822954,91.46433996583778,45.860195284011674,55.4278955289427
47841,7.170087585060743,93.94894501411336,56.8603287782876,87.72480902387248
80640,4.872753054095164,78.58861760241611,47.14209824071659,63.158828073206166
75510,2.8047225403030307,75.87231758775206,74.60368235121845,66.67410688844156
44911,5.424350920672932,71.5213705160495,50.31260569180763,69.33582405999283
69031,1.577880433676207,65.84732938955597,59.5929686594013,47.807997964680986
98726,6.237742617229589,71.72979804293558,84.78373888093893,91.6884271601097
17357,3.4209406399158793,88.69398278650782,50.21581916994852,64.68415726078645
42479,8.178031905734693,80.09617155075658,65.39025319793896,93.80991775039249
71476,3.793257630312164,94.62616449774231,60.9635830583011,72.08379938062322
54811,5.09698134173621,72.16900071895938,40.90620205228649,74.01645326059206
46208,1.1045848591729057,80.35447893593769,79.63790567864064,64.46641559369036
30150,1.65202199015103,81.56537765459944,43.452295315729984,47.670674792390855
81180,4.532442007660164,79.58485811531628,63.71275104884768,76.12760231427679
53286,5.319449512454112,85.13168865427582,68.03391474694749,71.16229547004895
78450,6.400184933073733,61.871673418740315,71.42132283072935,79.72895713661802
31352,3.624963208383729,75.61818887728953,74.43158146539378,72.17870674172298
65069,7.254836975138883,55.21124014041738,52.663619176135754,74.55810839866741
24397,8.741101574702842,69.22556638224063,40.49893883292247,79.00385896716094
51555,8.018658900040148,74.38335343106323,76.17218311774559,87.81580699243287
56959,1.3565694281352143,82.61121297727362,66.78282996737893,54.332607960554924
10728,5.32456252532046,97.52655262931017,81.80588516036244,89.11350706077725
60517,1.9443716057635738,80.03255332741779,81.06941814503472,60.591795122917134
76234,3.178405142762747,87.17969580882799,82.16630838939416,83.76329589045616
49954,9.879963339404318,75.31330297476013,64.254732998977,84.4912123923219
57280,2.282459886113619,81.70520156881656,56.68141979184328,56.97923848022736
89459,5.489993381062204,53.54661080668867,79.5779101295685,75.89706239468352
26779,6.563401608863072,62.71957904209235,62.564705651462745,79.19586865669461
73932,7.322184734896935,68.09265466025693,49.17210982017173,72.1279403643183
82936,6.036838151382227,73.62466775032567,82.74870097807371,91.04254544267938
34466,1.087937626772653,52.282437275119186,84.12799383861736,47.80646163278135
46939,3.938151774195927,57.001204877665884,63.31548780700851,59.286672514044966
79896,5.6594047904624025,63.84071538956529,43.784986365489374,68.06697089177447
45270,1.7907984923035003,98.57663454505254,59.39130449584656,67.48444744733564
69163,4.155642380882627,66.56735035515254,80.17688297313018,65.7991637183055
92637,1.298827979122299,74.10205290560413,85.08870142731143,75.9854202902931
61934,1.7072064743951867,59.80488563691965,50.17363712487979,42.0594950971677
74895,4.5723094858143645,80.5390035537884,43.348680601263574,57.80180834807485
42307,2.194441786387543,64.03416077579871,83.86752265664194,66.24304068620039
64098,6.107867634354023,60.34962892192134,59.47024694894377,70.69085836001675
70921,7.2051847222353915,75.82863142229895,67.08804821337816,83.12947076051918
15486,8.205280291981746,50.27528995802104,88.40329060253794,94.44852497617882
18335,2.8013521982032907,50.383201632461265,43.328236395711144,38.816537586900246
96900,2.507343240331628,60.95344045509289,72.41590037260478,51.27843648735441
99112,1.9411105630096022,51.83606812504106,43.705271128743355,39.75136487834153
21130,6.72787224589273,55.40128770653457,58.77344642332502,79.15863480802065
97508,7.35828153838211,66.94303246693758,80.19072725967234,86.18033186879684
70566,1.2842753034307783,90.12928397899064,61.67361163778172,66.12538978860684
76703,9.42591021619321,78.60243216846504,89.85911769514752,112.65900161542403
37192,1.4677415528632518,75.63338629782082,67.9529642473301,58.624640275131966
11062,5.871667017709634,64.67444116040608,56.058107631797675,72.88252978626285
94076,7.381544675058247,96.58768597164081,51.00556629523766,87.69626880996282
99780,8.83872211371477,69.85075206185958,57.52602671430809,88.95783551626546
31545,7.4267823891918505,54.35463833978857,58.62666368797754,75.05976043569595
31689,8.215552747628127,80.85332580589007,43.43568388619805,81.45709586835105
21174,4.0550517328852544,55.69191967383007,58.47870997133866,55.02451777214785
98461,8.33342602371861,67.2611571400846,63.21192598696125,76.08003370895204
19348,1.7210336174620764,75.37059693589045,76.13688761194024,67.19145525926386
33714,9.05334990454475,93.71112623425878,72.83647423608039,103.30096927136003
48102,5.928331385383626,74.67732901700593,75.43828276145771,82.25122551471193
84460,8.355679929662443,85.11293830158321,40.418184093842854,85.47180039061374
99930,5.070864560664702,99.64084194995351,50.8833699790268,71.45793610595204
16801,6.792199256768725,56.57445599489908,73.08421441999283,75.16170778338831
82267,5.737623948425019,63.73657627597598,64.19946840898736,72.07045652012206
58136,7.584305695797987,69.72880377988233,40.2656737834173,81.78693153514061
33625,1.7346698382753063,71.09140892694157,80.22473212159112,56.246959575629816
92873,1.5431687559150742,70.55105376327728,78.64047866451688,47.20202459032447
82592,3.223929106091318,95.38055012782775,67.42095814967813,69.09518836958242
87052,2.435902121018695,85.70163222334281,43.3231662888136,60.93276636879768
54261,8.846052099329814,80.39526070453519,78.32575247662923,91.01641957688955
11542,2.9729258862223986,65.46863589313911,69.1856793865682,56.27807393456665
31677,9.782787302372181,91.18951921106473,79.09799885789795,109.22772552123035
56732,4.032062125939961,97.75302557424945,77.58734961979202,93.37069332726813
60343,2.6390612411982937,91.05991412751132,80.15010359789186,65.78226354077063
49081,8.107286564282312,50.078255259573645,65.90040332023125,74.93540027003635
72856,6.928369979507885,81.82006850917035,47.01622590967575,79.68785265835676
98858,5.483761448078251,52.556769072105034,73.55787366898443,78.63235962958507
29065,5.998271958438681,62.880361016686095,71.02368925259853,74.1444502366101
93460,7.472816004450374,52.97623501738858,77.11265935995436,75.99504349083935
98092,3.0560926719816885,80.18977264746938,48.49405030253676,60.90376137959569
64693,9.967005244510677,84.32949567463034,49.74875999501446,98.10758590946314
36962,9.773138459321048,55.72438190329525,84.52047586096643,108.28447284467163
38295,6.852931177122432,69.19194415224898,77.49888992260354,89.30653066194965
23807,2.7958820583623063,72.8118254477771,85.41142443501614,74.12785808201302
52348,7.122054181881622,68.45265108804583,77.93576605819604,86.00964693976074
36432,1.6497856808125826,56.05125002425965,69.8577652995151,65.2149312419942
93285,1.2758725198522547,70.94738950937378,72.70663685139368,54.75552413968853
67854,3.3191459966009234,87.55890239042091,84.45639619700049,73.58634857187224
50262,5.163606610653847,53.550383226662774,68.94033772559703,78.50685770409993
47080,8.814452548675424,54.00900070409517,71.61956621641937,81.55160304669637
11324,7.544521627896772,67.73856459179922,47.82383580018003,67.93666991445606
45909,7.684358690799829,97.08628558094625,63.696061005805134,93.62388815359749
99339,4.829440010032679,83.42863233614571,75.81985559790495,79.49504937379061
29870,4.113414932922666,83.93349783362824,53.54713491581827,66.02653807327579
44578,4.339348866861425,68.09599954189325,50.112709026226746,67.14027659297406
82124,9.88884607362452,79.68303956042692,55.69134041122078,91.08464748929615
36790,1.3609827227123423,50.50655920138717,52.075031399641674,43.1077295619579
35289,8.803283465102037,81.80480232047711,50.745631851819795,87.0555809991903
65129,6.208078677151541,95.66434737881184,61.24254214340435,79.78062195622924
25485,4.947538772706315,80.62867341724096,85.3919256941767,82.77386574657113
54482,7.527318943736229,93.68492967331724,65.35298233693591,96.1462455719262
96188,5.380020472822325,86.19865277330469,49.39601904076615,83.120946414562
14748,8.860809142734945,56.02792082018451,43.8485834690437,81.5489502618424
96769,9.106316776101327,95.12266536429209,74.80780725689627,91.4373313855455
19435,4.795488341861098,53.322192217788746,59.13993822181939,63.43937423616163
13709,3.4914501751154643,76.6983736273882,81.09154732926797,73.15239585001514
40355,6.33115295734026,57.10685618967288,72.97553843203852,82.65908206431831
65771,9.211270110550219,50.5853305365452,79.81207252706842,94.08083023699072
67799,2.895959701050999,71.10171300638194,53.59730197092244,63.514677782048935
23116,6.606699252071345,64.75203538270782,74.6179461230529,84.26463840246659
35470,6.684041980832685,74.30002468988015,53.203099234685936,84.78544735249129
52344,7.5980172017375285,78.85999433672754,86.95342397251457,94.23572429847026
52918,2.1841091661453382,52.186953615447365,71.81871407666873,56.025834882511866
62224,7.442424682138797,56.15016475618728,56.2255900087671,80.68061651800649
49298,9.181292685990769,77.93211982252127,53.47559311461363,87.81536627108846
90219,2.6171479798321777,67.15836765863291,49.54632925358217,49.10171788777826
71629,3.1378899243148988,86.45867437747239,74.7320479446864,68.37311061425734
76040,9.742555846374756,82.614582429597,50.935780649896365,90.12538813526682
38016,2.628792574385408,92.28021814949534,69.76516329637445,71.34690323970206
33960,8.689465840326212,84.62464133346126,53.23175134626787,80.95338199200381
43591,5.430500708032313,71.49655386950741,73.09844723969343,70.06099846530162
92848,3.2250796696285935,83.64833111972162,80.74698642702697,82.83242471665656
77641,8.836749111452603,63.76905871277093,78.90126215723265,91.24948442911646
46395,5.007747295023989,65.31567493891063,78.04256654653909,76.85053983126751
32700,5.633356185367211,89.44925799603966,49.3861202846126,67.31027434999737
44620,4.233100324597891,72.32097582007911,44.419247349225934,61.10011464764994
30559,6.3365576629143465,89.91901702591763,74.94744142436929,85.04243665368772
71642,2.4717148532652047,91.12111868341393,58.41736068971757,55.24640665643516
86539,4.519733829865846,92.8781168830642,61.61731132016736,81.793630930139
31732,9.724710901017588,95.83176179206036,41.55745463966955,99.90889353387821
40354,3.3232008943101476,71.5492610256648,52.97882246375246,58.73553781118108
23843,6.910629980871629,65.94334091605694,41.6838201937232,76.00677542005407
81726,3.926710578022254,79.1099373297057,83.95928863006239,86.46671297968372
27640,7.961258131179406,68.55862117188138,52.16983416092653,85.0121903376225
62528,2.177862946465148,80.05370834001165,67.8668584786504,64.45056932333922
48413,9.728389405706903,85.27929313219123,41.94896603305652,92.00006986383104
62638,5.084105872452753,84.42025092460685,73.3423695652829,83.33103929005517
62736,3.1244541701181756,68.72764435100606,56.151367287704694,56.88151410352639
78866,1.6614707259701138,58.34301008493764,84.89595934788329,58.385461048677946
29087,2.5278211457878665,71.52646692311038,84.4059094467018,70.11386646061574
51430,5.677965537004159,57.12970720409544,56.26453091808739,65.66522786268673
34504,4.033028587881576,94.50485175919042,85.0480447845234,80.70681801700685
17114,8.459950292943486,67.29387303689288,89.80788367493895,98.41200016893573
88859,4.877987712956253,57.72298736116619,81.2707832061974,79.96818580857543
20975,3.238428453288669,51.272387995287545,82.24356738776146,58.80796685233596
21023,6.554304879436271,82.29111931432422,52.450436805454494,82.23492742718673
31447,7.360994951969012,81.84511587273715,68.83511994288781,92.85153956283868
33959,2.5033771711085486,67.03020832906458,43.362795698368394,53.900126680093514
76203,2.508572946594859,53.58559444238255,44.745896841083486,42.48316990107501
39703,1.3300428424018866,70.4814447447616,89.94463060166453,55.309091798549034
19337,7.627618135590764,65.56087475316968,56.33196247129555,83.13764045448005
56427,6.974240748596245,83.85603198675047,77.40919560244231,91.92938550205311
71529,5.2716778817483245,80.28896247263452,80.33325265134081,87.60026238488398
94665,8.597534040722774,68.229686409877,82.90116355036146,93.11435740667388
41921,8.251031376550479,60.894627712749504,89.88141487010782,99.27670302590218
43307,6.26818927957077,99.40179830777959,52.07482426284339,87.26347615642214
37355,8.814441524619328,72.70008105980574,42.017541342984984,82.2126998729856
14835,2.8525708903309144,84.41371178901186,60.559575899729296,65.89544586457393
30159,2.007276574579551,57.02764837891804,46.504033491447345,47.65612307077258
57605,3.4277465036529065,74.27948498296989,41.12129445810275,51.76374815124835
48088,1.5137817048038338,51.37683599347327,58.021341357074306,48.845978876313914
88752,5.780525752009288,75.2727558955225,79.18691255376183,91.27171225471298
65284,9.429451230654653,98.20087035588512,68.30903456125354,104.0421507572534
67043,1.3540918660165868,69.21033564929002,55.638899460517706,42.48449511581873
45547,2.098989226090241,51.94980062874558,72.71710027463598,51.73059377435922
92844,5.069791254550918,51.54778954596718,51.600909015440536,52.55650949846282
37532,9.404875157751144,69.39933799734348,40.71907230360425,90.58311175463078
44349,3.8454049447907543,58.001246823159704,78.21766932182138,71.73499298127071
55445,5.565113278195532,51.167604816409295,71.18715424320045,69.14386317484154
15713,1.3741557314535289,87.81068069750884,78.115131225048,57.36973574669481
66178,2.3350888086587998,72.92615044409453,41.94690083438328,46.165574719063216
59407,9.879671106629623,64.46223859863272,81.85598139153261,98.28803484086525
80340,9.68606826792441,95.00415915082404,70.97631000181516,105.86915108069563
60990,1.0444598284096864,55.80694801002628,68.169767535632,49.61108727530102
85672,9.566306068809151,97.79594144776595,71.23070240572657,112.3697536175347
75545,6.752079440339504,65.69833586886764,83.2216623434182,83.29478861123488
94791,8.811264650680199,94.42018361543407,69.34682532794535,92.58016919743972
68141,5.092658700704732,80.14714382397308,69.04751899440896,71.34155187276771
33793,5.640364257213252,91.33536798707436,89.53395785328829,91.30089055127137
66570,5.399619222312282,99.2006581605232,77.8365083534284,84.24950656636078
47892,7.001778317914939,64.42027189093729,62.114690272556764,77.72080653831347
11015,2.256861292806816,98.05677427037965,75.36985000164638,68.57911084420931
71813,1.2697623088541015,69.47409474512102,59.46152358458943,55.9268416701685
37712,3.7713694743207182,69.27559523684612,51.44377312417495,57.282206756865804
18415,7.342126864629821,67.01935521272529,69.84259384438798,82.86676803998283
72292,2.816681069106535,77.07038036737926,86.40910490569757,75.35457932381935
33833,7.060891899924256,57.707252158924355,86.45697600077314,84.37451599244747
14158,9.729208414965434,77.68557426790056,57.095263905274514,96.90588178959223
72680,1.8451064421047656,77.0852406205002,66.38387331108476,60.56208003121659
30309,7.053419064026136,88.0950906302435,50.58179492849306,82.63716977540635
16970,4.993751973741141,91.68249809687927,89.78155547494417,82.7141495742147
82474,8.813280289397548,72.0220675156212,89.05589539339678,107.4442509816425
96704,2.594348105026473,65.11666246757468,72.47544648537237,72.60033684246929
56540,7.23363357003548,62.96674486585472,80.22070298387368,87.19061319482027
30384,8.543037606832993,59.73119183524359,75.755008064185,85.70477444356017
28017,9.501527975266209,52.882379109951245,69.6579109519734,91.38103153173088
85880,7.1492322546068126,67.12239894173567,42.667399849444884,77.8991415982627
18702,5.474572876075846,63.512384606539165,62.73821712763305,68.44592823481617
10384,6.560625161810925,98.32086929332037,73.73931510837053,91.150616719808
10404,8.820144860308464,77.8854413125022,73.87658069418424,98.72025965502738
50943,6.1354877197494675,67.36385195152538,58.65613092111918,80.36428581368224
57926,1.2734835372715319,79.0233800496848,87.08459933290152,68.78539009987058
39189,9.3785382595628,56.95983506728477,48.36785161183905,87.41212231039637
22763,7.20574075928405,72.20218746011014,65.01797231077803,81.56520617538239
28384,7.088620471995219,81.31171607105318,74.54419882754114,91.66389148817812
70100,2.9410763715794546,74.44489158962257,74.85679029459047,63.37174881699458
19860,6.929969232093915,70.08894003271621,72.43194783844078,88.87693780508681
90642,4.544779650887426,99.6924194449849,53.76441067259301,79.89348656089788
60612,6.861096793373429,94.01573810744635,47.8103284343311,84.4011546166966
33574,1.9593372727719165,81.17029790797201,71.79701634133554,61.02952933881132
33524,6.920607741427324,78.46886805911414,69.96510580697189,85.11110580745164
79172,9.994723531936,81.0330239912292,48.96780051446205,102.90322611614363
20916,1.4339083497450043,60.065605391121665,75.25695727852818,53.53845405435531
14809,9.794567657991855,69.75688716321594,62.75859958668282,100.25331511085002
42201,4.662171646505835,51.972976644544964,73.38802958015765,69.95242104904833
63330,8.836781053035333,73.77730187434133,81.86835398850754,97.39375518058287
23456,8.04146935652446,77.15122919788315,48.48642142884616,76.0240389761786
66397,6.10314634888001,61.38748680516048,40.957243399841836,66.37287704882746
48765,7.646042883261939,98.20144235827568,78.95512931978934,99.72820318473875
44816,8.906640051712131,95.4727305468621,70.4848712576308,110.40164128296828
55106,4.637262894859297,86.1071617727953,74.98197848110608,74.71029092146502
63932,3.943298454069148,76.66933143826813,81.90774874943213,86.95423415933796
27100,7.0083404700722625,93.49845798238425,80.14054674122502,97.04151108904958
67091,8.270613477471327,56.532617191173145,88.04600734644123,95.42040158939585
31949,7.860566212989542,89.52548971374425,66.7967539426059,89.9138188839522
80080,8.18032283972771,56.24104069834242,64.42478163299526,85.11737059911172
47744,4.920249833316397,89.71053312747027,60.094359994536504,77.91740774380374
55543,8.360507945575193,63.78837841256785,47.68455214221023,84.6995105676348
46187,2.081881498335476,93.85452905090945,68.63036164410113,61.12629982663096
17239,5.900401881647646,97.2021046912699,53.85062621629894,87.23679558107898
24489,1.0518279444830942,57.43979847025578,86.06537561064877,58.72430712661161
68017,3.9212724691024325,73.13378025326968,69.15954021385488,72.25145698357157
71877,4.298153813842581,99.04936890813426,69.64200902540551,77.95767204429158
53125,4.565554224483298,74.17037179865733,57.7462330438505,63.53666268815864
59922,7.25920486020876,93.17737612572725,42.599467598885376,81.65264731533256
42049,4.4970229114331115,79.436576106566,41.58718826864943,63.88744044571123
47131,5.038242603602776,68.76649539598009,61.16675720765987,63.36072317929939
52944,3.1378971778689473,64.28917777629351,44.22826890486189,56.63397381000317
83963,4.35926612466406,60.16115455430436,70.34234777700695,72.9642392698973
34285,3.045426645368363,88.08990956888486,84.04865028198287,71.62524309119479
47626,1.6587633139159927,69.3270253411514,84.14574082593612,57.63729375093937
52808,6.431037340432401,75.56377311003756,72.95227050661163,82.49041995344642
98464,7.013915186995146,74.6162740000591,50.56159157364655,77.79857024938359
63871,6.575413114086531,78.86395146165657,83.14984156794361,88.47533258653041
29198,5.171446394205152,93.2788572812276,84.3046717656604,87.25816869780428
29758,4.418072021613068,99.03696717917147,49.83267924764793,72.84191044925554
25254,8.770002846146427,70.37921042869084,76.87130428853386,88.87095438112479
54238,5.671736066225963,91.37594610531515,54.32597744635615,71.23537700475049
11252,5.312636898667579,88.22638973273588,80.13201561764649,71.47251895560153
49764,1.2307785922579213,78.67644757277867,89.86189499518014,70.41431137346262
87709,4.071230448635407,97.80235718059666,41.50130026646964,66.37351460703113
47441,4.421760569072713,60.023725776420136,84.86829328954659,79.30249355143403
63682,4.589405028072104,55.46321051548107,71.1315266799329,62.34990898792104
69494,6.221551323045991,92.69809834777111,88.66913095824106,94.50687520052351
91317,5.802422920541906,71.95749083168741,63.25047587632138,76.9736847333273
75215,6.471145835141002,92.34844271035303,82.36939652856869,90.1991081260883
88587,7.883949353879155,94.65451025977075,43.11970342991386,77.29684222695857
16949,8.316871648444842,53.122879680953574,56.76395250391479,88.95615982875199
65393,7.46310768603845,94.17323814930303,43.3508268875605,89.90425733635762
83553,9.599713263594412,72.4159527684711,88.76715667395354,103.32055345946797
16941,1.1640932440872547,75.52162445021162,80.84869536359184,63.367569926784526
35934,2.7620018711519148,81.32962555466051,82.62737106229852,68.83589206529267
33386,1.068065874803279,96.31913033650434,86.89826157169472,64.01835508852186
71886,6.827272427391427,50.9558047214882,44.25517430598927,76.26148080058437
85745,9.082274940549881,73.84217341589085,59.279879625666666,82.99913417075433
93251,3.1913406691866935,84.38610212152804,43.551744452200104,57.26571327841635
63413,9.34331090316676,86.13534788491143,50.53965507750143,93.19464004851896
66800,1.5424065126060476,84.6266215768554,51.468288851883614,61.94351747027673
52318,9.409924241249628,56.72175647040609,63.455360552378934,93.93123563950164
80173,4.16460418515671,64.96977941858407,53.42810837268213,53.32394922759504
80390,1.9127874560429485,67.93577627085068,45.048905340888055,47.95048109265425
62329,5.372845832676931,90.22186038397524,48.37455445470539,73.38591005228118
53088,3.3109891094845714,63.93799362072765,47.363778177604544,53.54016322818577
49811,3.5638561176573056,60.53524819336016,88.65383989561491,74.54043654219205
65479,3.765609684336579,97.87240095190481,77.96462534592368,72.33008420684392
95392,8.22723308049397,50.443164255673445,88.3880732634781,89.58116442187978
97369,5.85245149007729,99.89104278409891,61.987024325395424,86.41847375683966
29963,3.8017692924040327,83.84106494286978,53.918424083132834,69.12641400393743
65123,6.493004049798265,91.42346497245586,79.91465986045932,92.6050210524578
83477,7.445356068008742,64.73096981730966,56.31269590205734,77.72918864455805
24388,3.453616006601804,50.715763883353,54.96916868526741,53.87077030398953
15569,4.7219419137281635,86.8934759280765,51.62529961039156,74.02990780310658
79836,2.096974840032528,91.7072298500338,46.48394891121177,56.76012664028479
46586,2.630344145812123,87.02380659767596,52.8231530508383,55.17888620149608
22015,7.130060685684845,57.14251436504193,57.76598742369438,69.73196478769003
55002,2.6329451292606425,87.67139611284846,73.69971040728652,61.49784153589182
16254,5.726470453003541,88.44613910538206,43.12824211097258,79.69539493346814
27144,7.381416355501894,82.92702578350274,50.52534698326715,86.03263748392939
34214,1.9618923078526946,88.30579663977932,80.45118201458382,67.94923392112807
90719,6.105809976660132,92.2960719838866,47.346096179188535,74.88734752432164
81774,3.309065053312274,80.68020571187293,57.13225732612608,60.73263987073689
16090,9.666341877138219,54.430235698483955,83.23294609290701,103.42014407031013
21637,5.351910820479323,74.38139048336055,47.74626555717213,77.69464501114734
32415,8.253932947976423,53.88246673358025,44.13684178090949,72.0621768526823
34071,5.952038879406356,70.37715155162154,64.22689975400054,82.256177367397
68243,1.3907127956933725,70.35532445628138,55.12097556392682,50.248616117716445
51240,6.698362380346201,53.30049220701208,68.1704182241927,75.68798220395938
93807,9.562630079859913,67.44102669847396,80.19024452417375,107.64262763266086
43434,6.414506381316981,55.54990493956574,46.857424407637154,67.4296445477956
79724,8.372699734841111,90.4117605004611,69.03495422771425,98.08283071170277
85697,8.957858170135669,97.38440129822354,65.2754380194932,101.35615611249992
38732,3.0527179475403923,53.61582376289693,47.20393930065998,42.10191575353777
21314,2.90840355917404,97.75576036458507,71.19992427644912,73.79077135940568
33954,6.498828899658926,76.12882996683726,53.68202089303858,73.99214172336008
67108,4.699256228260342,64.9782838976937,64.39171592720062,61.64068698076196
97044,8.558751725800484,53.84310376380817,44.11361621385309,74.0064508414423
97505,9.1002081105821,75.0312134035209,62.979202860681156,90.5751413700545
46668,4.180792413724463,89.72577722453744,55.323173402141016,75.1003772924916
33061,3.1318350307703384,85.35432386333491,81.11906055926772,68.3941484560491
89252,8.024729637194756,52.51130057319869,42.84893634986842,69.06737570263448
49749,3.4732543199332246,53.645091768395176,60.930363745916495,59.00888593129134
26907,8.403528866623105,70.14366413163185,62.9215712065719,81.6004031984626
28777,4.813644282838865,64.76452470239717,76.25030381495594,70.70266655973418
61745,7.0079490936232345,61.619216152802395,68.71437875451055,72.688878139095
91818,1.8598178245120136,64.05022494543567,73.36061685970905,62.45846065010137
33624,6.614733922089157,90.17413716484424,78.8524642825878,90.16008087073325
33321,5.065909108635062,96.46140268159269,83.11014868290944,87.43243659580568
20488,6.279476168579267,70.25513472637832,55.693774836123524,79.3314827942147
32574,2.5121278697037708,95.30555010662485,66.90113526819515,64.30141406951493
15240,7.631863704497639,66.0747850623941,82.00540392196,89.22398056675041
53221,8.765173697889058,73.82184931718959,89.47255654825283,96.47980590737457
20478,2.9506582008169806,61.30144989079999,84.47596555218816,61.641593587221095
65645,1.8614309996814555,82.0238021087922,58.57336313121884,52.740726413503076
29262,1.2127472744170276,98.94905575874044,49.75832586093252,53.18933148991195
62796,6.777743503989394,80.17465480216893,64.46962687032944,81.8049870378641
14432,6.463846324799027,67.89070420567745,77.0820725918021,84.9624326769111
74291,5.92027671442663,82.39087229952642,64.62845353766488,75.71394193684753
89104,3.087523865043779,56.14603392326938,64.15904316568343,59.54321014806046
69399,4.518153963149632,94.43295401326993,81.91152105409003,86.11027089898128
89714,6.350287016675558,75.15419753899181,58.07018895335932,75.18665901225773
60428,5.470901729732525,72.4674871019821,82.98973374058228,78.26702541339826
97731,9.890069681933985,79.29323942267595,60.34024004758618,97.79981141540713
10302,2.227957773010598,81.23919313947013,56.41165528391697,57.0616216054086
92558,7.256300986428344,53.58879031132565,62.69949555998495,78.53969939590112
10055,4.638868912938629,84.13086106117012,78.12234793374341,87.53187423784138
18717,4.853796534330533,62.09658401577648,46.30010139319971,61.76118367580406
38699,7.458379890923586,85.69763162532949,49.82096079360087,79.73342045325647
83686,7.231925361919327,91.12673971920984,87.5722412831546,94.07209717891114
77661,9.921303943319694,90.197925377626,48.77458136906787,91.9147217209055
54247,2.155548605087127,77.62504837039445,68.38636589655273,54.10597235961946
26748,1.936986844457497,76.00849461553756,68.96572333309689,64.7374899819154
14621,7.51904935415867,57.14379806697059,64.48122310251225,69.36448133511061
25034,6.205482253057681,88.76730752015678,72.23726242884092,88.99303258146834
15126,3.4674459990382527,63.570469022335715,51.49133628988092,52.6645856844682
15122,1.7147743209008794,74.83477114089733,67.63311338883742,55.51552222918797
28030,1.770924246367875,64.21370464637583,58.608662762344856,47.072259522968125
92838,9.047717871977065,56.691418149984656,73.08336298145946,98.70868329567466
94717,2.726805922468686,81.47788484458682,47.06117716865747,56.98344394161135
65658,3.9103440590396867,52.71660174114519,68.54387084197381,66.73614177954578
48638,3.039907620042892,87.43226170631,49.263517769166185,67.63725801275396
77067,4.194966752487436,65.87933976305584,53.93215315575182,63.12852432376669
98869,1.6248145847148403,50.00673465022427,50.93549001617916,37.52217047083708
44674,5.671538118174434,75.55645696186149,49.14188899344086,69.5781695262281
45854,1.6085130723299341,52.34259542638016,81.28554757803334,52.54832295294604
56271,8.203208570401255,63.80847789104497,54.28537838304452,79.35521676310108
83688,3.103408737193897,85.3488243727858,86.35618909322247,75.19104767184776
48518,5.860107231440596,53.13448108109329,88.49632626725955,79.96863277797345
20267,8.920711788053124,91.96692461780012,68.56302349685487,101.67939152944903
11062,6.8578963214247475,50.19099613292916,47.15005613328632,70.99332436921945
60448,5.796620078962018,62.34119346009511,58.727412168979065,70.50569741909797
16229,3.9190037780383804,87.04520280760357,79.8866131674107,79.68056958997684
66793,3.9970172175237813,65.81350748646534,58.36953643485352,60.33015363282271
57915,7.025382596783711,55.094619403300676,44.350860915139435,75.96954229894705
14632,9.947254250990508,68.0116959400214,67.8392455464094,94.4479218144345
13596,6.9565527086444074,63.51966431922628,82.25604257480174,92.72701229202276
16168,6.020050756330225,92.13559510802774,79.79631935717512,82.2791245980709
17561,7.575854592153215,65.66739587925716,48.75615700651766,75.17991824009606
83794,5.186850510553463,89.44662358880036,73.63823072062334,80.56864104958875
92152,1.541281083407067,94.59360724053673,51.025213171782354,57.889531831651674
36734,6.0606713429011885,71.69087097882648,50.91037672760861,76.48385271529145
16371,9.618627560548422,95.4971571927196,83.70358866525926,103.97674441136405
36069,2.577726481218937,68.86590269815964,52.48344763701151,49.001867060132646
89905,7.210044017385991,98.20392082450542,53.16236732590056,79.76680292606062
22910,2.8084031979315083,54.46447622627865,40.03266953806498,52.995347658759215
83479,5.822449160257731,84.35096332516213,83.53345170627588,89.31894019533327
87735,1.8700880468204766,74.69070202284644,79.62974066045673,58.187691062853396
91264,5.053338426323666,69.38244027278236,71.3664467545339,72.41252854548624
33275,7.805469960057215,81.63559393743004,77.51328819694211,100.4321502385994
82274,4.128143718150839,85.19285458171656,47.60242837122459,63.848950162202804
91449,6.984205520384962,50.21816348251546,62.91617972937877,73.4670078494751
70004,8.159049647107562,58.347654437359935,57.56096936743904,77.41744877960612
72981,9.344600375315075,85.65230253171593,44.68882631285082,85.16926159213668
94659,3.111778736699082,83.31927067891033,64.3065242607462,72.19390364368276
64553,4.593843242283773,98.30237525643386,86.03698251713178,95.24422973891204
58447,2.371744119973757,88.05188951253915,42.00295595253473,50.14949782070769
44529,9.932351519425376,97.53863538656691,54.573045674689695,107.77727812906342
85703,9.343008711318658,85.12702507674035,50.37704681028517,89.96702272227895
86090,5.859614172525037,64.90261043197216,51.907332683284814,72.2000270423752
27260,8.578299649387791,55.268246112542826,85.42172759396877,100.69173214236135
13812,5.6886217954483795,89.09119316724679,63.40345271171451,79.80646503358358
38024,6.612271192024838,82.2074610737958,63.31497064699094,81.4098729397225
68656,1.8021198890441497,52.40930061966481,78.02878212276411,59.95030729916677
37285,7.797433784471272,68.00252329504892,47.72461020024629,72.9280058057883
11605,2.1494213527171135,97.8399907742143,64.36326770500254,71.57971796705303
81158,8.434608672272756,75.02005728551006,61.499260706052986,89.99281179165092
82303,8.038252789033473,71.63645680098523,69.8455345273328,86.73166225562517
37139,7.378702279686788,72.8849802579647,89.97788516252193,91.72932152425285
87149,1.325443424722859,60.444136200258185,78.47244470410234,49.232123306190864
66138,3.7281552035079573,68.43535854323976,59.893285150871364,60.447836807740316
86125,3.368013129197586,68.49066279935883,81.37765261370234,68.61813672130451
23918,4.241227667243672,52.61775100937362,48.53541816562401,51.09916324672264
95655,1.7887847208745469,88.37838142589591,41.523184315448006,51.83938687767569
37446,9.432620407279565,70.82522159519395,50.222418623213656,90.86422138686895
23046,5.9842201664113865,91.10899434082117,57.02057780571298,78.99466957659138
34818,3.749718795922212,92.51740005599477,65.529037872978,76.02905827819703
14324,4.5728336536685505,60.599702734932904,70.75645702706,65.31096198474994
86323,5.024822864543521,82.86767410850644,85.53028586072108,89.21344472065766
19111,6.405349000245556,73.6140902081491,65.49270047752289,80.91712578355595
48110,5.6411148492684795,94.00783689607425,65.06378223128647,90.15972405645297
26389,9.274527758929755,60.787033958822704,42.51215049114911,93.6846957399489
51427,5.472671346152472,83.89066001550222,41.74557763281119,66.8775678270211
89579,9.929422133409814,80.38760611263612,67.5579980958186,98.64127235466005
38746,8.662824619705862,64.76507387859164,61.90893066241723,86.27600691733011
97886,2.8765946292160223,56.83004518255863,81.95901974901493,67.19410585133124
10117,9.375356931795245,82.58198802386383,48.033979235592255,97.49482261274773
94471,2.0472975809692846,86.92987290661654,41.24858310585248,49.55084059832337
23234,8.357047376420724,65.78136718816751,62.45193839650629,88.40664372954674
63441,4.4256096412892205,82.2416302011157,51.873927837612875,66.87047195254712
10846,8.901768884005627,69.75654538057516,42.480718666941875,85.51864101368038
20954,8.812510210967053,85.66034416413089,76.22991434238145,107.79990850806557
89239,8.253328601058591,59.96076374470265,45.579649997862376,76.28509094068363
56514,8.110273926763552,94.51075013180872,70.41597500038858,88.72164634014716
98236,3.742112251882367,64.37047982327898,54.052487508344456,63.36220859413478
16469,1.7282735474612696,68.38929938780765,48.674802517751104,44.46455246772182
40105,4.626821608886453,52.90459760401749,58.987576145965875,61.88493909920498
52101,2.561720634878578,55.57561061606382,80.07228881114769,65.44535606802917
74323,7.254559800122156,75.7930951356164,59.604678845228634,84.33957334704269
68067,4.11489753884007,63.379633836398575,77.53848246055279,70.09517070157582
59376,9.780491807739233,91.77401128710972,46.27431483995753,92.06497979852048
55587,6.768748696107988,50.734669432747694,78.63857098325396,66.02010380229083
46976,8.40232507270925,68.95470243359681,51.84666624533243,86.92830667053927
77584,2.192722054676636,66.86727733845464,73.86965649444363,59.306897576568204
88477,8.758130340453603,50.966381545880054,68.28907774204981,93.96287865463059
52533,9.30481471462055,56.21841995002551,86.45723586058438,99.9626340521535
11828,5.3835572693704234,70.68213374593176,59.3661258987657,69.16324996746373
11917,6.456276439758797,74.64322922237233,43.30825944172202,77.3320051840747
30618,7.883288208126959,70.21448736274345,40.95777427756264,82.61954399027384
42254,2.573547645343713,76.5468839206047,81.34292804863765,67.27381555059264
57362,5.523094688170982,79.75658374528408,66.23678188307161,84.00538564553493
30128,4.587967249950818,50.49619105639178,78.76220259174747,66.81703432644038
69383,2.317365929460242,73.2047579726752,51.72128000057573,55.03500788637358
75545,4.307809800623783,98.17496204437941,57.254187275661685,76.75025446529132
92180,1.6135507844694421,75.95161400647743,41.50519361056595,51.379223488587755
97958,1.232307162545383,83.87711337294766,88.07461622870561,69.6621255591729
19865,2.2164966023934047,65.59319289584415,73.39339533504068,58.45451311192068
12219,9.668036004302564,88.69956890763812,86.66025438796531,115.0826406524476
49809,5.945765823055153,88.64607409380575,53.274820371453615,77.01044287646684
15287,9.69239945037898,76.06480238270694,70.57318056128304,96.66557337984423
44387,4.892480904971188,98.80069116396068,73.92499841463189,80.90092140333024
18512,3.806345197767336,56.27751073813267,55.87748501287942,67.96591517280993
11342,5.555276765562197,50.84738324447905,82.40546175078151,72.28286636100758
73076,4.955605197696191,88.50791058785481,87.35807314501238,92.73180455664459
29216,1.9509821583556952,90.35777686824413,84.24275588480022,64.88201272712095
89767,6.767436832211856,56.01036145602881,76.95334879696863,83.86115934202631
36614,2.9443436425863965,63.2791416479303,53.8732339862477,56.740171559264326
46258,6.576291594080466,50.877618168331445,54.080802105281585,77.88319866164554
52078,6.85180983158338,64.66543053902824,88.1680160223019,85.65387525270354
93524,2.368223678157833,88.65709369593358,40.5142247967846,49.99061532848114
22219,1.5521466439960134,75.89802638562895,75.80249866210723,60.26858870877673
10235,8.026854274615959,67.40477965841441,75.31230812776312,98.80463766791162
52929,5.138203813923882,68.58696474531652,71.13447704748987,70.30010691249149
77444,1.523474159549282,50.06768128577341,89.50544230434329,45.497768944194746
18567,9.953796854527905,64.9900263782618,55.59397178818626,91.802420088259
80792,1.5200250489672997,82.32293708189653,56.99859318966241,59.84405823507547
75441,7.255317059726979,98.70972219081786,43.946970147327775,78.39926035161204
94555,9.853110327370722,92.35304134919497,62.13990682718688,106.06708763925316
83698,3.1526209379433308,51.17974823227646,53.05242631174241,47.158444759034275
15415,2.2802443181847654,94.92803023374196,57.16933510888221,62.014572026140904
46159,2.09246445480186,89.15992066493129,81.72858951278138,73.66514585503153
53925,3.72947632810836,89.01880617854903,86.77422567637478,74.12538675596423
15951,1.9094122990958202,72.89978795017858,49.286653600259285,52.03922597817416
97388,7.229452075247187,69.90026464772514,58.625446577673294,86.64238595808398
18007,1.5606261831705641,65.14578644165962,86.4315281057697,64.28914858671534
51832,5.584799153348108,53.284742947718286,43.09042303446113,57.54245757688664
68596,9.970271684676792,61.41176817468495,44.618026405568926,93.71569120160099
40523,8.325732425554168,62.33018174890123,48.13954946031147,82.87549899617825
